,id,name
0,1,弗兰克·德拉邦特
1,2,陈凯歌
2,3,罗伯特·泽米吉斯
3,4,詹姆斯·卡梅隆
4,5,吕克·贝松
5,6,罗伯托·贝尼尼
6,7,宫崎骏
7,8,史蒂文·斯皮尔伯格
8,9,克里斯托弗·诺兰
9,10,彼得·威尔
10,11,拉斯·霍尔斯道姆
11,12,朱塞佩·托纳多雷
12,13,拉吉库马尔·希拉尼
13,14,克里斯托夫·巴哈蒂
14,15,安德鲁·斯坦顿
15,16,刘伟强
16,17,麦兆辉
17,18,拜伦·霍华德
18,19,瑞奇·摩尔
19,20,杰拉德·布什
20,21,比利·怀尔德
21,22,刘镇伟
22,23,黄东赫
23,24,弗朗西斯·福特·科波拉
24,25,加布里埃莱·穆奇诺
25,26,奥利维埃·纳卡什
26,27,埃里克·托莱达诺
27,28,罗伯·莱纳
28,29,贝纳尔多·贝托鲁奇
29,30,李·昂克里奇
30,31,阿德里安·莫利纳
31,32,张艺谋
32,33,克里斯·哥伦布
33,34,彼得·杰克逊
34,35,维克多·弗莱明
35,36,乔治·库克
36,37,山姆·伍德
37,38,李濬益
38,39,文牧野
39,40,彼特·道格特
40,41,鲍勃·彼德森
41,42,娜丁·拉巴基
42,43,涅提·蒂瓦里
43,44,西德尼·吕美特
44,45,姜文
45,46,李安
46,47,罗曼·波兰斯基
47,48,阿兰·葛斯彭纳
48,49,马丁·布莱斯特
49,50,威廉·惠勒
50,51,彼得·法雷里
51,52,万籁鸣
52,53,莉莉·沃卓斯基
53,54,拉娜·沃卓斯基
54,55,罗杰·阿勒斯
55,56,罗伯·明可夫
56,57,杨宇硕
57,58,大卫·芬奇
58,59,朗·霍华德
59,60,马克·赫尔曼
60,61,弗洛里安·亨克尔·冯·多纳斯马尔克
61,62,岩井俊二
62,63,盖·里奇
63,64,罗伯特·怀斯
64,65,奥里奥尔·保罗
65,66,米洛斯·福尔曼
66,67,马基德·马基迪
67,68,大卫·叶茨
68,69,乔纳森·戴米
69,70,马丁·斯科塞斯
70,71,韦斯·安德森
71,72,埃里克·布雷斯
72,73,J·麦基·格鲁伯
73,74,路易·西霍尤斯
74,75,格斯·范·桑特
75,76,赛尔乔·莱昂内
76,77,周星驰
77,78,昆汀·塔伦蒂诺
78,79,查理·卓别林
79,80,王家卫
80,81,阿方索·卡隆
81,82,李力持
82,83,托尼·凯耶
83,84,詹姆斯·曼高德
84,85,奉俊昊
85,86,今敏
86,87,戈尔·维宾斯基
87,88,托马斯·温特伯格
88,89,中岛哲也
89,90,李焕庆
90,91,卢卡·瓜达尼诺
91,92,杨德昌
92,93,蒂姆·波顿
93,94,梅尔·吉布森
94,95,泷田洋二郎
95,96,理查德·林克莱特
96,97,M·奈特·沙马兰
97,98,唐·霍尔
98,99,克里斯·威廉姆斯
99,100,北野武
100,101,让-皮埃尔·热内
101,102,森淳一
102,103,陈可辛
103,104,克林特·伊斯特伍德
104,105,米林宏昌
105,106,是枝裕和
106,107,程小东
107,108,近藤喜文
108,109,理查德·柯蒂斯
109,110,迪恩·德布洛斯
110,111,克里斯·桑德斯
111,112,大森贵弘
112,113,汉内斯·赫尔姆
113,114,大卫·西尔弗曼
114,115,迈克·内威尔
115,116,乔·赖特
116,117,亚当·艾略特
117,118,延尚昊
118,119,皮埃尔·柯芬
119,120,克里斯·雷纳德
120,121,朴勋政
121,122,王树忱
122,123,严定宪
123,124,徐景达
124,125,姜炯哲
125,126,杰茜·尼尔森
126,127,莫滕·泰杜姆
127,128,金秉祐
128,129,黑泽明
129,130,王晶
130,131,罗纳尔多·德尔·卡门
131,132,谢添
132,133,阿尔弗雷德·希区柯克
133,134,温子仁
134,135,新海诚
135,136,马丁·麦克唐纳
136,137,让-马克·瓦雷
137,138,柯克·德·米科
138,139,特瑞·乔治
139,140,忻钰坤
140,141,费尔南多·梅里尔斯
141,142,卡迪亚·兰德
142,143,保罗·格林格拉斯
143,144,吴宇森
144,145,罗启锐
145,146,神山征二郎
146,147,达米安·斯兹弗隆
147,148,宁浩
148,149,达米恩·查泽雷
149,150,斯坦利·多南
150,151,吉恩·凯利
151,152,丹尼·博伊尔
152,153,洛芙琳·坦丹
153,154,卡洛斯·沙尔丹哈
154,155,克里斯·韦奇
155,156,斯坦利·库布里克
156,157,黄建新
157,158,杨亚洲
158,159,克里斯托弗·史密斯
159,160,托德·菲利普斯
160,161,藤森雅也
161,162,达伦·阿伦诺夫斯基
162,163,凯普·鲍尔斯
163,164,黄信尧
164,165,陆川
165,166,巴瑞·莱文森
166,167,尼克·卡萨维蒂
167,168,邓肯·琼斯
168,169,普特鹏·普罗萨卡·那·萨克那卡林
169,170,华森·波克彭
170,171,肯尼思·洛纳根
171,172,热拉尔·乌里
172,173,布莱恩·辛格
173,174,高畑勋
174,175,徐克
175,176,乔治·米勒
176,177,李惠民
177,178,斯蒂芬·卓博斯基
178,179,安德鲁·尼科尔
179,180,郭柯
180,181,詹姆斯·沃德·布柯特
181,182,伦尼·阿伯拉罕森
182,183,爱德华·兹威克
183,184,雷德利·斯科特
184,185,茂文·勒鲁瓦
185,186,土井裕泰
186,187,谢晋
187,188,道格·里曼
188,189,约翰·李·汉考克
189,190,约翰·卡尼
190,191,史蒂芬·戴德利
191,192,汤姆·提克威
192,193,雅克·贝汉
193,194,雅克·克鲁奥德
194,195,细田守
195,196,秋昌旼
196,197,阿米尔·汗
