,id,name
0,1,英语
1,2,汉语普通话
2,3,意大利语
3,4,德语
4,5,俄语
5,6,法语
6,7,日语
7,8,希伯来语
8,9,波兰语
9,10,印地语
10,11,乌尔都语
11,12,粤语
12,13,挪威语
13,14,韩语
14,15,拉丁语
15,16,西班牙语
16,17,昆雅语
17,18,古英语
18,19,辛达林语
19,20,上海话
20,21,阿拉伯语
21,22,阿姆哈拉语
22,23,唐山话
23,24,泰米尔语
24,25,四川话
25,26,山西话
26,27,南非语
27,28,瑞士德语
28,29,古代英语
29,30,西西里语
30,31,斯瓦希里语
31,32,科萨语
32,33,祖鲁语
33,34,闽南语
34,35,湖南话
35,36,古希腊语
36,37,捷克语
37,38,波斯语
38,39,手语
39,40,丹麦语
40,41,苏格兰盖尔语
41,42,保加利亚语
42,43,瑞典语
43,44,意第绪语
44,45,葡萄牙语
45,46,客家话
46,47,希腊语
47,48,重庆话
48,49,克罗地亚语
49,50,泰语
50,51,藏语
51,52,印度尼西亚语
52,53,世界语
53,54,门德语
54,55,乌克兰语
55,56,土耳其语
56,57,科尼什语
57,58,菲律宾语
58,59,荷兰语
