,id,name,global_name,score,comment,quote,url,year,length
0,1,肖申克的救赎,TheShawshankRedemption,9.7,2797709,希望让人自由。,https://movie.douban.com/subject/1292052/,1994,142
1,2,霸王别姬,-,9.6,2070399,风华绝代。,https://movie.douban.com/subject/1291546/,1993,171
2,3,阿甘正传,ForrestGump,9.5,2095955,一部美国近现代史。,https://movie.douban.com/subject/1292720/,1994,142
3,4,泰坦尼克号,Titanic,9.5,2057845,失去的才是永恒的。 ,https://movie.douban.com/subject/1292722/,1998,194
4,5,这个杀手不太冷,Léon,9.4,2231029,怪蜀黍和小萝莉不得不说的故事。,https://movie.douban.com/subject/1295644/,1994,110
5,6,美丽人生,Lavitaèbella,9.6,1287750,最美的谎言。,https://movie.douban.com/subject/1292063/,2020,116
6,7,千与千寻,千と千尋の神隠し,9.4,2171999,最好的宫崎骏，最好的久石让。 ,https://movie.douban.com/subject/1291561/,2019,125
7,8,辛德勒的名单,Schindler'sList,9.6,1073048,拯救一个人，就是拯救整个世界。,https://movie.douban.com/subject/1295124/,1993,195
8,9,盗梦空间,Inception,9.4,2003265,诺兰给了我们一场无法盗取的梦。,https://movie.douban.com/subject/3541415/,2010,148
9,10,星际穿越,Interstellar,9.4,1761154,爱是一种力量，让我们超越时空感知它的存在。,https://movie.douban.com/subject/1889243/,2014,169
10,11,楚门的世界,TheTrumanShow,9.4,1636418,如果再也不能见到你，祝你早安，午安，晚安。,https://movie.douban.com/subject/1292064/,1998,103
11,12,忠犬八公的故事,Hachi:ADog'sTale,9.4,1360873,永远都不能忘记你所爱的人。,https://movie.douban.com/subject/3011091/,2009,93
12,13,海上钢琴师,Laleggendadelpianistasull'oceano,9.3,1631138,每个人都要走一条自己坚定了的路，就算是粉身碎骨。 ,https://movie.douban.com/subject/1292001/,2019,165
13,14,三傻大闹宝莱坞,3Idiots,9.2,1809319,英俊版憨豆，高情商版谢耳朵。,https://movie.douban.com/subject/3793023/,2011,171
14,15,放牛班的春天,Leschoristes,9.3,1275125,天籁一般的童声，是最接近上帝的存在。 ,https://movie.douban.com/subject/1291549/,2004,97
15,16,机器人总动员,WALL·E,9.3,1279715,小瓦力，大人生。,https://movie.douban.com/subject/2131459/,2008,98
16,17,无间道,無間道,9.3,1315412,香港电影史上永不过时的杰作。,https://movie.douban.com/subject/1307914/,2003,101
17,18,疯狂动物城,Zootopia,9.2,1863218,迪士尼给我们营造的乌托邦就是这样，永远善良勇敢，永远出乎意料。,https://movie.douban.com/subject/25662329/,2016,109
18,19,控方证人,WitnessfortheProsecution,9.6,525627,比利·怀德满分作品。,https://movie.douban.com/subject/1296141/,1957,116
19,20,大话西游之大圣娶亲,西遊記大結局之仙履奇緣,9.2,1488525,一生所爱。,https://movie.douban.com/subject/1292213/,2014,95
20,21,熔炉,도가니,9.4,906156,我们一路奋战不是为了改变世界，而是为了不让世界改变我们。,https://movie.douban.com/subject/5912992/,2011,125
21,22,教父,TheGodfather,9.3,933669,千万不要记恨你的对手，这样会让你失去理智。,https://movie.douban.com/subject/1291841/,1972,175
22,23,当幸福来敲门,ThePursuitofHappyness,9.2,1476905,平民励志片。 ,https://movie.douban.com/subject/1849031/,2008,117
23,24,触不可及,Intouchables,9.3,1071372,满满温情的高雅喜剧。,https://movie.douban.com/subject/6786002/,2011,112
24,25,怦然心动,Flipped,9.1,1779155,真正的幸福是来自内心深处。,https://movie.douban.com/subject/3319755/,2010,90
25,26,龙猫,となりのトトロ,9.2,1227345,人人心中都有个龙猫，童年就永远不会消失。,https://movie.douban.com/subject/1291560/,2018,86
26,27,末代皇帝,TheLastEmperor,9.3,845511,“不要跟我比惨，我比你更惨”再适合这部电影不过了。,https://movie.douban.com/subject/1293172/,1987,163
27,28,寻梦环游记,Coco,9.1,1613482,死亡不是真的逝去，遗忘才是永恒的消亡。,https://movie.douban.com/subject/20495023/,2017,105
28,29,活着,-,9.3,814246,张艺谋最好的电影。,https://movie.douban.com/subject/1292365/,1994,132
29,30,蝙蝠侠：黑暗骑士,TheDarkKnight,9.2,1024753,无尽的黑暗。,https://movie.douban.com/subject/1851857/,2008,152
30,31,哈利·波特与魔法石,HarryPotterandtheSorcerer'sStone,9.2,1142804,童话世界的开端。,https://movie.douban.com/subject/1295038/,2002,152
31,32,指环王3：王者无敌,TheLordoftheRings:TheReturnoftheKing,9.3,777808,史诗的终章。,https://movie.douban.com/subject/1291552/,2004,201
32,33,乱世佳人,GonewiththeWind,9.3,669012,Tomorrow is another day.,https://movie.douban.com/subject/1300267/,1939,238
33,34,素媛,소원,9.3,665091,受过伤害的人总是笑得最开心，因为他们不愿意让身边的人承受一样的痛苦。,https://movie.douban.com/subject/21937452/,2013,122
34,35,我不是药神,-,9.0,2037846,对我们国家而言，这样的电影多一部是一部。,https://movie.douban.com/subject/26752088/,2018,117
35,36,飞屋环游记,Up,9.1,1285185,最后那些最无聊的事情，才是最值得怀念的。 ,https://movie.douban.com/subject/2129039/,2009,96
36,37,何以为家,كفرناحوم,9.1,1012731,凝视卑弱生命，用电影改变命运。,https://movie.douban.com/subject/30170448/,2019,126
37,38,摔跤吧！爸爸,Dangal,9.0,1526399,你不是在为你一个人战斗，你要让千千万万的女性看到女生并不是只能相夫教子。,https://movie.douban.com/subject/26387939/,2017,161
38,39,十二怒汉,12AngryMen,9.4,470941,1957年的理想主义。 ,https://movie.douban.com/subject/1293182/,1957,96
39,40,哈尔的移动城堡,ハウルの動く城,9.1,985588,带着心爱的人在天空飞翔。,https://movie.douban.com/subject/1308807/,2004,119
40,41,鬼子来了,-,9.3,606581,对敌人的仁慈，就是对自己残忍。,https://movie.douban.com/subject/1291858/,2000,139
41,42,少年派的奇幻漂流,LifeofPi,9.1,1315482,瑰丽壮观、无人能及的冒险之旅。,https://movie.douban.com/subject/1929463/,2012,127
42,43,猫鼠游戏,CatchMeIfYouCan,9.1,980478,骗子大师和执著警探的你追我跑故事。 ,https://movie.douban.com/subject/1305487/,2003,141
43,44,让子弹飞,-,9.0,1646004,你给我翻译翻译，神马叫做TMD的惊喜。,https://movie.douban.com/subject/3742360/,2010,132
44,45,钢琴家,ThePianist,9.3,610085,音乐能化解仇恨。,https://movie.douban.com/subject/1296736/,2002,149
45,46,大话西游之月光宝盒,西遊記第壹佰零壹回之月光寶盒,9.0,1186176,旷古烁今。,https://movie.douban.com/subject/1299398/,2014,88
46,47,海蒂和爷爷,Heidi,9.3,574240,如果生活中有什么使你感到快乐，那就去做吧！不要管别人说什么。,https://movie.douban.com/subject/25958717/,2019,111
47,48,天空之城,天空の城ラピュタ,9.2,794768,对天空的追逐，永不停止。 ,https://movie.douban.com/subject/1291583/,1992,125
48,49,指环王2：双塔奇兵,TheLordoftheRings:TheTwoTowers,9.2,728470,承前启后的史诗篇章。,https://movie.douban.com/subject/1291572/,2003,180
49,50,闻香识女人,ScentofaWoman,9.1,851422,史上最美的探戈。,https://movie.douban.com/subject/1298624/,1992,157
50,51,天堂电影院,NuovoCinemaParadiso,9.2,662782,那些吻戏，那些青春，都在影院的黑暗里被泪水冲刷得无比清晰。,https://movie.douban.com/subject/1291828/,2021,155
51,52,罗马假日,RomanHoliday,9.1,923711,爱情哪怕只有一天。,https://movie.douban.com/subject/1293839/,1953,118
52,53,绿皮书,GreenBook,8.9,1589765,去除成见，需要勇气。,https://movie.douban.com/subject/27060077/,2019,130
53,54,大闹天宫,-,9.4,420088,经典之作，历久弥新。,https://movie.douban.com/subject/1418019/,1961,113
54,55,死亡诗社,DeadPoetsSociety,9.2,694186,当一个死水般的体制内出现一个活跃的变数时，所有的腐臭都站在了光明的对面。,https://movie.douban.com/subject/1291548/,1989,128
55,56,指环王1：护戒使者,TheLordoftheRings:TheFellowshipoftheRing,9.1,820207,传说的开始。,https://movie.douban.com/subject/1291571/,2002,179
56,57,黑客帝国,TheMatrix,9.1,813077,视觉革命。,https://movie.douban.com/subject/1291843/,2000,136
57,58,教父2,TheGodfather:PartII,9.3,531998,优雅的孤独。,https://movie.douban.com/subject/1299131/,1974,202
58,59,狮子王,TheLionKing,9.1,810727,动物版《哈姆雷特》。,https://movie.douban.com/subject/1301753/,1995,89
59,60,辩护人,변호인,9.2,574179,电影的现实意义大过电影本身。,https://movie.douban.com/subject/21937445/,2013,127
60,61,饮食男女,飲食男女,9.2,598726,人生不能像做菜，把所有的料都准备好了才下锅。,https://movie.douban.com/subject/1291818/,1994,124
61,62,搏击俱乐部,FightClub,9.0,821710,邪恶与平庸蛰伏于同一个母体，在特定的时间互相对峙。,https://movie.douban.com/subject/1292000/,1999,139
62,63,美丽心灵,ABeautifulMind,9.1,746365,爱是一切逻辑和原由。,https://movie.douban.com/subject/1306029/,2001,135
63,64,本杰明·巴顿奇事,TheCuriousCaseofBenjaminButton,9.0,954678,在时间之河里感受溺水之苦。,https://movie.douban.com/subject/1485260/,2008,166
64,65,穿条纹睡衣的男孩,TheBoyintheStripedPajamas,9.2,542925,尽管有些不切实际的幻想，这部电影依旧是一部感人肺腑的佳作。,https://movie.douban.com/subject/3008247/,2008,94
65,66,窃听风暴,DasLebenderAnderen,9.2,547300,别样人生。,https://movie.douban.com/subject/1900841/,2006,137
66,67,情书,LoveLetter,8.9,1070709,暗恋的极致。,https://movie.douban.com/subject/1292220/,1999,117
67,68,两杆大烟枪,"Lock,StockandTwoSmokingBarrels",9.1,578740,4个臭皮匠顶个诸葛亮，盖·里奇果然不是盖的。,https://movie.douban.com/subject/1293350/,1998,107
68,69,西西里的美丽传说,Malèna,8.9,946043,美丽无罪。,https://movie.douban.com/subject/1292402/,2000,109
69,70,音乐之声,TheSoundofMusic,9.1,582720,用音乐化解仇恨，让歌声串起美好。,https://movie.douban.com/subject/1294408/,1965,174
70,71,看不见的客人,Contratiempo,8.8,1217036,你以为你以为的就是你以为的。,https://movie.douban.com/subject/26580232/,2017,106
71,72,阿凡达,Avatar,8.8,1380022,绝对意义上的美轮美奂。,https://movie.douban.com/subject/1652587/,2010,162
72,73,拯救大兵瑞恩,SavingPrivateRyan,9.1,627864,美利坚精神输出大片No1.,https://movie.douban.com/subject/1292849/,1998,169
73,74,飞越疯人院,OneFlewOvertheCuckoo'sNest,9.1,532872,自由万岁。,https://movie.douban.com/subject/1292224/,1975,133
74,75,小鞋子,بچههایآسمان,9.2,397868,奔跑的孩子是天使。,https://movie.douban.com/subject/1303021/,1997,89
75,76,哈利·波特与死亡圣器(下),HarryPotterandtheDeathlyHallows:Part2,9.0,801100,10年的完美句点。,https://movie.douban.com/subject/3011235/,2011,130
76,77,沉默的羔羊,TheSilenceoftheLambs,8.9,858663,安东尼·霍普金斯的顶级表演。,https://movie.douban.com/subject/1293544/,1991,118
77,78,禁闭岛,ShutterIsland,8.9,942005,昔日翩翩少年，今日大腹便便。,https://movie.douban.com/subject/2334904/,2010,138
78,79,布达佩斯大饭店,TheGrandBudapestHotel,8.9,896348,小清新的故事里注入了大历史的情怀。,https://movie.douban.com/subject/11525673/,2014,99
79,80,致命魔术,ThePrestige,8.9,831956,孪生蝙蝠侠大战克隆金刚狼。,https://movie.douban.com/subject/1780330/,2006,130
80,81,蝴蝶效应,TheButterflyEffect,8.9,907956,人的命运被自己瞬间的抉择改变。,https://movie.douban.com/subject/1292343/,2004,113
81,82,海豚湾,TheCove,9.3,350231,海豚的微笑，是世界上最高明的伪装。,https://movie.douban.com/subject/3442220/,2009,92
82,83,心灵捕手,GoodWillHunting,8.9,685851,人生中应该拥有这样的一段豁然开朗。,https://movie.douban.com/subject/1292656/,1997,126
83,84,美国往事,OnceUponaTimeinAmerica,9.2,399515,往事如烟，无处祭奠。,https://movie.douban.com/subject/1292262/,1984,229
84,85,功夫,-,8.8,1077594,警恶惩奸，维护世界和平这个任务就交给你了，好吗？,https://movie.douban.com/subject/1291543/,2004,100
85,86,低俗小说,PulpFiction,8.9,806682,故事的高级讲法。,https://movie.douban.com/subject/1291832/,1994,154
86,87,摩登时代,ModernTimes,9.3,290222,大时代中的人生，小人物的悲喜。,https://movie.douban.com/subject/1294371/,1936,87
87,88,春光乍泄,春光乍洩,9.0,609641,爱情纠缠，男女一致。,https://movie.douban.com/subject/1292679/,1997,96
88,89,哈利·波特与阿兹卡班的囚徒,HarryPotterandthePrisonerofAzkaban,8.9,695631,不一样的导演，不一样的哈利·波特。,https://movie.douban.com/subject/1291544/,2004,141
89,90,喜剧之王,喜劇之王,8.8,938341,我是一个演员。,https://movie.douban.com/subject/1302425/,1999,89
90,91,超脱,Detachment,9.0,566593,穷尽一生，我们要学会的，不过是彼此拥抱。,https://movie.douban.com/subject/5322596/,2011,98
91,92,致命ID,Identity,8.9,794664,最不可能的那个人永远是最可能的。,https://movie.douban.com/subject/1297192/,2003,90
92,93,七宗罪,Se7en,8.8,918517,警察抓小偷，老鼠玩死猫。,https://movie.douban.com/subject/1292223/,1995,127
93,94,杀人回忆,살인의추억,8.9,686100,关于连环杀人悬案的集体回忆。,https://movie.douban.com/subject/1300299/,2003,132
94,95,红辣椒,パプリカ,9.1,443281,梦的勾结。,https://movie.douban.com/subject/1865703/,2006,90
95,96,加勒比海盗,PiratesoftheCaribbean:TheCurseoftheBlackPearl,8.8,832068,约翰尼·德普的独角戏。,https://movie.douban.com/subject/1298070/,2003,143
96,97,狩猎,Jagten,9.1,375840,人言可畏。,https://movie.douban.com/subject/6985810/,2012,115
97,98,哈利·波特与密室,HarryPotterandtheChamberofSecrets,8.8,722766,魔法的密室之门已打开...,https://movie.douban.com/subject/1296996/,2003,161
98,99,被嫌弃的松子的一生,嫌われ松子の一生,8.9,685466,以戏谑来戏谑戏谑。,https://movie.douban.com/subject/1787291/,2006,130
99,100,7号房的礼物,7번방의선물,8.9,540338,《我是山姆》的《美丽人生》。,https://movie.douban.com/subject/10777687/,2013,127
100,101,请以你的名字呼唤我,CallMebyYourName,8.9,697364,沉醉在电影的情感和视听氛围中无法自拔。,https://movie.douban.com/subject/26799731/,2017,132
101,102,一一,-,9.1,374220,我们都曾经是一一。,https://movie.douban.com/subject/1292434/,2017,173
102,103,唐伯虎点秋香,唐伯虎點秋香,8.7,1042849,华太师是黄霑，吴镇宇四大才子之一。,https://movie.douban.com/subject/1306249/,1993,102
103,104,断背山,BrokebackMountain,8.8,689605,每个人心中都有一座断背山。,https://movie.douban.com/subject/1418834/,2005,134
104,105,剪刀手爱德华,EdwardScissorhands,8.7,1011414,浪漫忧郁的成人童话。,https://movie.douban.com/subject/1292370/,1990,105
105,106,勇敢的心,Braveheart,8.9,547536,史诗大片的典范。,https://movie.douban.com/subject/1294639/,1995,178
106,107,入殓师,おくりびと,8.9,644826,死可能是一道门，逝去并不是终结，而是超越，走向下一程。,https://movie.douban.com/subject/2149806/,2021,130
107,108,爱在黎明破晓前,BeforeSunrise,8.8,653487,缘分是个连绵词，最美不过一瞬。,https://movie.douban.com/subject/1296339/,1995,101
108,109,第六感,TheSixthSense,8.9,538639,深入内心的恐怖，出人意料的结局。,https://movie.douban.com/subject/1297630/,1999,107
109,110,重庆森林,重慶森林,8.8,782937,寂寞没有期限。,https://movie.douban.com/subject/1291999/,1994,102
110,111,蝙蝠侠：黑暗骑士崛起,TheDarkKnightRises,8.8,697536,诺兰就是保证。,https://movie.douban.com/subject/3395373/,2012,165
111,112,幽灵公主,もののけ姫,8.9,507170,人与自然的战争史诗。,https://movie.douban.com/subject/1297359/,1997,134
112,113,超能陆战队,BigHero6,8.7,980606,Balalala~~~,https://movie.douban.com/subject/11026735/,2015,102
113,114,菊次郎的夏天,菊次郎の夏,8.9,575691,从没见过那么流氓的温柔，从没见过那么温柔的流氓。,https://movie.douban.com/subject/1293359/,2020,121
114,115,天使爱美丽,Lefabuleuxdestind'AméliePoulain,8.7,938599,法式小清新。 ,https://movie.douban.com/subject/1292215/,2001,122
115,116,爱在日落黄昏时,BeforeSunset,8.9,536988,九年后的重逢是世俗和责任的交叠，没了悸动和青涩，沧桑而温暖。,https://movie.douban.com/subject/1291990/,2004,80
116,117,阳光灿烂的日子,-,8.9,597356,一场华丽的意淫。,https://movie.douban.com/subject/1291875/,1995,134
117,118,小森林 夏秋篇,リトル・フォレスト夏・秋,9.0,413212,那些静得只能听见呼吸的日子里，你明白孤独即生活。,https://movie.douban.com/subject/25814705/,2014,111
118,119,甜蜜蜜,-,8.9,524791,相逢只要一瞬间，等待却像是一辈子。,https://movie.douban.com/subject/1305164/,2015,118
119,120,完美的世界,APerfectWorld,9.1,303851,坏人的好总是比好人的好来得更感人。,https://movie.douban.com/subject/1300992/,1993,138
120,121,借东西的小人阿莉埃蒂,借りぐらしのアリエッティ,8.9,534026,曾经的那段美好会沉淀为一辈子的记忆。,https://movie.douban.com/subject/4202302/,2010,94
121,122,消失的爱人,GoneGirl,8.7,903722,年度最佳date movie。,https://movie.douban.com/subject/21318488/,2014,149
122,123,无人知晓,誰も知らない,9.1,306838,我的平常生活就是他人的幸福。,https://movie.douban.com/subject/1292337/,2004,141
123,124,倩女幽魂,-,8.8,708994,两张绝世的脸。 ,https://movie.douban.com/subject/1297447/,2011,98
124,125,小森林 冬春篇,リトル・フォレスト冬・春,9.0,368914,尊敬他人，尊敬你生活的这片土地，明白孤独是人生的常态。,https://movie.douban.com/subject/25814707/,2015,120
125,126,侧耳倾听,耳をすませば,8.9,446378,少女情怀总是诗。,https://movie.douban.com/subject/1297052/,1995,111
126,127,时空恋旅人,AboutTime,8.8,637852,把每天当作最后一天般珍惜度过，积极拥抱生活，就是幸福。,https://movie.douban.com/subject/10577869/,2013,123
127,128,寄生虫,기생충,8.8,1327902,,https://movie.douban.com/subject/27010768/,2019,132
128,129,幸福终点站,TheTerminal,8.8,551058,有时候幸福需要等一等。 ,https://movie.douban.com/subject/1292274/,2005,128
129,130,驯龙高手,HowtoTrainYourDragon,8.8,733744,和谐的生活离不开摸头与被摸头。,https://movie.douban.com/subject/2353023/,2010,98
130,131,萤火之森,蛍火の杜へ,8.9,518001,触不到的恋人。,https://movie.douban.com/subject/5989818/,2011,45
131,132,教父3,TheGodfather:PartIII,9.0,359690,任何信念的力量，都无法改变命运。,https://movie.douban.com/subject/1294240/,1990,162
132,133,一个叫欧维的男人决定去死,EnmansomheterOve,8.9,455780,惠及一生的美丽。,https://movie.douban.com/subject/26628357/,2015,116
133,134,怪兽电力公司,"Monsters,Inc.",8.8,646782,不要给它起名字，起了名字就有感情了。,https://movie.douban.com/subject/1291579/,2001,92
134,135,未麻的部屋,PerfectBlue,9.1,316026,好的剧本是，就算你猜到了结局也猜不到全部。,https://movie.douban.com/subject/1395091/,1997,81
135,136,玩具总动员3,ToyStory3,8.9,496809,跨度十五年的欢乐与泪水。,https://movie.douban.com/subject/1858711/,2010,103
136,137,哈利·波特与火焰杯,HarryPotterandtheGobletofFire,8.8,630014,,https://movie.douban.com/subject/1309055/,2005,157
137,138,傲慢与偏见,Pride&amp;Prejudice,8.7,768520,爱是摈弃傲慢与偏见之后的曙光。,https://movie.douban.com/subject/1418200/,2005,129
138,139,玛丽和马克思,MaryandMax,8.9,413299,你是我最好的朋友，你是我唯一的朋友 。,https://movie.douban.com/subject/3072124/,2009,92
139,140,釜山行,부산행,8.6,1162324,揭露人性的丧尸题材力作。,https://movie.douban.com/subject/25986180/,2016,118
140,141,神偷奶爸,DespicableMe,8.6,921886,Mr. I Don't Care其实也有Care的时候。,https://movie.douban.com/subject/3287562/,2010,95
141,142,被解救的姜戈,DjangoUnchained,8.8,589241,热血沸腾，那个低俗、性感的无耻混蛋又来了。,https://movie.douban.com/subject/6307447/,2013,163
142,143,告白,-,8.8,655879,没有一人完全善，也没有一人完全恶。,https://movie.douban.com/subject/4268598/,2010,106
143,144,新世界,신세계,8.9,409854,要做就做得狠一点，这样才能活下去。,https://movie.douban.com/subject/10437779/,2013,134
144,145,大鱼,BigFish,8.8,553458,抱着梦想而活着的人是幸福的，怀抱梦想而死去的人是不朽的。,https://movie.douban.com/subject/1291545/,2003,125
145,146,哪吒闹海,-,9.2,250025,想你时你在闹海。,https://movie.douban.com/subject/1307315/,1979,65
146,147,射雕英雄传之东成西就,射鵰英雄傳之東成西就,8.7,614442,百看不厌。 ,https://movie.douban.com/subject/1316510/,1993,113
147,148,阳光姐妹淘,써니,8.8,578546,再多各自牛逼的时光，也比不上一起傻逼的岁月。 ,https://movie.douban.com/subject/4917726/,2011,124
148,149,头号玩家,ReadyPlayerOne,8.7,1328759,写给影迷，动漫迷和游戏迷的一封情书。,https://movie.douban.com/subject/4920389/,2018,140
149,150,我是山姆,IAmSam,9.0,327536,爱并不需要智商 。,https://movie.douban.com/subject/1306861/,2001,132
150,151,模仿游戏,TheImitationGame,8.8,626489,他给机器起名“克里斯托弗”，因为这是他初恋的名字。,https://movie.douban.com/subject/10463953/,2015,114
151,152,喜宴,囍宴,9.0,347008,中国家庭的喜怒哀乐忍。,https://movie.douban.com/subject/1303037/,1993,108
152,153,恐怖直播,더테러라이브,8.7,633225,恐怖分子的“秋菊打官司”。,https://movie.douban.com/subject/21360417/,2013,97
153,154,血战钢锯岭,HacksawRidge,8.7,763463,优秀的战争片不会美化战场，不会粉饰死亡，不会矮化敌人，不会无视常识，最重要的，不会宣扬战争。,https://movie.douban.com/subject/26325320/,2016,139
154,155,花样年华,花樣年華,8.7,583436,偷情本没有这样美。,https://movie.douban.com/subject/1291557/,2000,98
155,156,七武士,七人の侍,9.3,190476,时代悲歌。,https://movie.douban.com/subject/1295399/,1954,207
156,157,九品芝麻官,-,8.7,647746,,https://movie.douban.com/subject/1297518/,1994,108
157,158,头脑特工队,InsideOut,8.8,589635,愿我们都不用长大，每一座城堡都能永远存在。,https://movie.douban.com/subject/10533913/,2015,95
158,159,色，戒,-,8.6,764735,假戏真情，爱欲深海,https://movie.douban.com/subject/1828115/,2007,158
159,160,黑客帝国3：矩阵革命,TheMatrixRevolutions,8.8,433952,不得不说，《黑客帝国》系列是商业片与科幻、哲学完美结合的典范。,https://movie.douban.com/subject/1302467/,2003,129
160,161,茶馆,-,9.5,130415,,https://movie.douban.com/subject/1461403/,1982,118
161,162,惊魂记,Psycho,9.0,278816,故事的反转与反转，分裂电影的始祖。,https://movie.douban.com/subject/1293181/,1960,109
162,163,电锯惊魂,Saw,8.7,513684,真相就在眼前。,https://movie.douban.com/subject/1417598/,2004,103
163,164,你的名字。,君の名は。,8.5,1349588,穿越错位的时空，仰望陨落的星辰，你没留下你的名字，我却无法忘记那句“我爱你”。,https://movie.douban.com/subject/26683290/,2016,106
164,165,三块广告牌,"ThreeBillboardsOutsideEbbing,Missouri",8.7,797671,怼天怼地，你走后，她与世界为敌。,https://movie.douban.com/subject/26611804/,2018,115
165,166,达拉斯买家俱乐部,DallasBuyersClub,8.8,439603,Jared Leto的腿比女人还美！,https://movie.douban.com/subject/1793929/,2013,117
166,167,疯狂原始人,TheCroods,8.7,815670,老少皆宜，这就是好莱坞动画的魅力。,https://movie.douban.com/subject/1907966/,2013,98
167,168,卢旺达饭店,HotelRwanda,8.9,319107,当这个世界闭上双眼，他却敞开了怀抱。,https://movie.douban.com/subject/1291822/,2004,121
168,169,心迷宫,-,8.7,502361,荒诞讽刺，千奇百巧，抽丝剥茧，百转千回。,https://movie.douban.com/subject/25917973/,2015,110
169,170,上帝之城,CidadedeDeus,9.0,293532,被上帝抛弃了的上帝之城。,https://movie.douban.com/subject/1292208/,2002,130
170,171,谍影重重3,TheBourneUltimatum,8.8,405147,像吃了苏打饼一样干脆的电影。,https://movie.douban.com/subject/1578507/,2007,115
171,172,英雄本色,-,8.6,517287,英雄泪短，兄弟情长。 ,https://movie.douban.com/subject/1297574/,2017,95
172,173,风之谷,風の谷のナウシカ,8.9,345120,动画片的圣经。,https://movie.douban.com/subject/1291585/,1992,117
173,174,纵横四海,緃横四海,8.8,407306,香港浪漫主义警匪动作片的巅峰之作。,https://movie.douban.com/subject/1295409/,1991,108
174,175,海街日记,海街diary,8.8,431436,是枝裕和的家庭习作。,https://movie.douban.com/subject/25895901/,2015,127
175,176,绿里奇迹,TheGreenMile,8.9,317163,天使暂时离开。,https://movie.douban.com/subject/1300374/,1999,189
176,177,爱在午夜降临前,BeforeMidnight,8.9,383650,所谓爱情，就是话唠一路，都不会心生腻烦，彼此嫌弃。,https://movie.douban.com/subject/10808442/,2013,109
177,178,记忆碎片,Memento,8.7,584365,一个针管引发的血案。,https://movie.douban.com/subject/1304447/,2000,113
178,179,岁月神偷,歲月神偷,8.7,563090,岁月流逝，来日可追。,https://movie.douban.com/subject/3792799/,2010,117
179,180,忠犬八公物语,ハチ公物語,9.2,187906,养狗三日，便会对你终其一生。,https://movie.douban.com/subject/1959195/,1987,107
180,181,荒蛮故事,Relatossalvajes,8.8,429788,始于荒诞，止于更荒诞。,https://movie.douban.com/subject/24750126/,2014,122
181,182,疯狂的石头,-,8.6,794097,中国版《两杆大烟枪》。,https://movie.douban.com/subject/1862151/,2006,106
182,183,爆裂鼓手,Whiplash,8.7,567539,这个世界从不善待努力的人，努力了也不一定会成功，但是知道自己在努力，就是活下去的动力。,https://movie.douban.com/subject/25773932/,2014,107
183,184,小偷家族,万引き家族,8.7,791102,我们组成了家。,https://movie.douban.com/subject/27622447/,2018,117
184,185,无敌破坏王,Wreck-ItRalph,8.7,520022,迪士尼和皮克斯拿错剧本的产物。,https://movie.douban.com/subject/6534248/,2012,101
185,186,雨中曲,Singin'intheRain,9.1,214119,骨灰级歌舞片。,https://movie.douban.com/subject/1293460/,1952,103
186,187,贫民窟的百万富翁,SlumdogMillionaire,8.6,726855,上帝之城+猜火车+阿甘正传+开心辞典=山寨富翁,https://movie.douban.com/subject/2209573/,2009,120
187,188,冰川时代,IceAge,8.6,594825,松鼠才是角儿。,https://movie.douban.com/subject/1291578/,2002,81
188,189,2001太空漫游,2001:ASpaceOdyssey,8.9,310702,现代科幻电影的开山之作，最伟大导演的最伟大影片。,https://movie.douban.com/subject/1292226/,1968,149
189,190,背靠背，脸对脸,-,9.5,123172,,https://movie.douban.com/subject/1307856/,1994,148
190,191,无间道2,無間道II,8.7,458197,,https://movie.douban.com/subject/1307106/,2003,119
191,192,恐怖游轮,Triangle,8.5,829424,不要企图在重复中寻找已经失去的爱。,https://movie.douban.com/subject/3011051/,2009,99
192,193,东邪西毒,東邪西毒,8.6,558262,电影诗。,https://movie.douban.com/subject/1292328/,1994,95
193,194,小丑,Joker,8.7,973750,,https://movie.douban.com/subject/27119724/,2019,122
194,195,真爱至上,LoveActually,8.6,715125,爱，是个动词。,https://movie.douban.com/subject/1292401/,2003,135
195,196,你看起来好像很好吃,おまえうまそうだな,8.9,323193,感情不分食草或者食肉。,https://movie.douban.com/subject/4848115/,2010,90
196,197,遗愿清单,TheBucketList,8.7,440480,用剩余不多的时间，去燃烧整个生命。,https://movie.douban.com/subject/1867345/,2007,97
197,198,牯岭街少年杀人事件,牯嶺街少年殺人事件,8.9,285050,弱者送给弱者的一刀。,https://movie.douban.com/subject/1292329/,1991,237
198,199,魔女宅急便,魔女の宅急便,8.7,443211,宫崎骏的电影总让人感觉世界是美好的，阳光明媚的。,https://movie.douban.com/subject/1307811/,1989,103
199,200,黑天鹅,BlackSwan,8.6,763144,黑暗之美。,https://movie.douban.com/subject/1978709/,2010,108
200,201,东京教父,東京ゴッドファーザーズ,9.0,216653,,https://movie.douban.com/subject/1310177/,2003,92
201,202,心灵奇旅,Soul,8.7,938703,,https://movie.douban.com/subject/24733428/,2020,101
202,203,大佛普拉斯,-,8.7,435552,人们可以登上月球，却永远无法探索人们内心的宇宙。,https://movie.douban.com/subject/27059130/,2017,102
203,204,可可西里,-,8.9,293534,坚硬的信仰。,https://movie.douban.com/subject/1308857/,2004,85
204,205,城市之光,CityLights,9.3,140105,永远的小人物，伟大的卓别林。,https://movie.douban.com/subject/1293908/,1931,87
205,206,雨人,RainMan,8.7,392609,生活在自己的世界里，也可以让周围的人显得可笑和渺小。,https://movie.douban.com/subject/1291870/,1988,133
206,207,恋恋笔记本,TheNotebook,8.6,648838,爱情没有那么多借口，如果不能圆满，只能说明爱的不够。 ,https://movie.douban.com/subject/1309163/,2004,123
207,208,源代码,SourceCode,8.5,811666,邓肯·琼斯继《月球》之后再度奉献出一部精彩绝伦的科幻佳作。,https://movie.douban.com/subject/3075287/,2011,93
208,209,初恋这件小事,สิ่งเล็กเล็กที่เรียกว่า...รัก,8.5,959463,黑小鸭速效美白记。,https://movie.douban.com/subject/4739952/,2012,118
209,210,海边的曼彻斯特,ManchesterbytheSea,8.6,507983,我们都有权利不与自己的过去和解。,https://movie.douban.com/subject/25980443/,2017,137
210,211,虎口脱险,Lagrandevadrouille,8.9,247529,永远看不腻的喜剧。,https://movie.douban.com/subject/1296909/,1966,132
211,212,人工智能,ArtificialIntelligence:AI,8.7,430731,对爱的执着，可以超越一切。,https://movie.douban.com/subject/1302827/,2001,146
212,213,波西米亚狂想曲,BohemianRhapsody,8.6,582844,,https://movie.douban.com/subject/5300054/,2019,135
213,214,萤火虫之墓,火垂るの墓,8.7,395892,幸福是生生不息，却难以触及的远。 ,https://movie.douban.com/subject/1293318/,1988,89
214,215,青蛇,-,8.6,507101,人生如此，浮生如斯。谁人言，花彼岸，此生情长意短。谁都是不懂爱的罢了。,https://movie.douban.com/subject/1303394/,1993,99
215,216,终结者2：审判日,Terminator2:JudgmentDay,8.8,331299,少见的超越首部的续集，动作片中的经典。,https://movie.douban.com/subject/1291844/,1991,137
216,217,罗生门,羅生門,8.8,303446,人生的N种可能性。,https://movie.douban.com/subject/1291879/,1950,88
217,218,疯狂的麦克斯4：狂暴之路,MadMax:FuryRoad,8.7,510278,“多么美好的一天！”轰轰轰砰咚，啪哒哒哒轰隆隆，磅~,https://movie.douban.com/subject/3592854/,2015,120
218,219,新龙门客栈,新龍門客棧,8.7,428376,嬉笑怒骂，调风动月。,https://movie.douban.com/subject/1292287/,2012,88
219,220,奇迹男孩,Wonder,8.6,538937,世界不完美，爱会有奇迹。,https://movie.douban.com/subject/26787574/,2018,113
220,221,千钧一发,Gattaca,8.8,285007,一部能引人思考的科幻励志片。,https://movie.douban.com/subject/1300117/,1997,106
221,222,二十二,-,8.7,285243,有一些东西不应该被遗忘。,https://movie.douban.com/subject/26430107/,2017,99
222,223,无耻混蛋,InglouriousBasterds,8.6,458867,昆汀同学越来越变态了，比北野武还杜琪峰。,https://movie.douban.com/subject/1438652/,2009,153
223,224,崖上的波妞,崖の上のポニョ,8.6,474251,,https://movie.douban.com/subject/1959877/,2020,101
224,225,彗星来的那一夜,Coherence,8.5,554087,小成本大魅力。,https://movie.douban.com/subject/25807345/,2013,89
225,226,黑客帝国2：重装上阵,TheMatrixReloaded,8.7,393686,一个精彩的世界观正在缓缓建立。,https://movie.douban.com/subject/1304141/,2003,138
226,227,房间,Room,8.8,360682,被偷走的岁月，被伤害的生命，被禁锢的灵魂，终将被希望和善意救赎。,https://movie.douban.com/subject/25724855/,2015,118
227,228,血钻,BloodDiamond,8.7,367861,每个美丽事物背后都是滴血的现实。,https://movie.douban.com/subject/1428175/,2006,143
228,229,步履不停,歩いても歩いても,8.8,269596,日本的家庭电影已经是世界巅峰了，步履不停是巅峰中的佳作。,https://movie.douban.com/subject/2222996/,2008,115
229,230,战争之王,LordofWar,8.7,355579,做一颗让别人需要你的棋子。,https://movie.douban.com/subject/1419936/,2005,122
230,231,末路狂花,Thelma&amp;Louise,8.9,237239,没有了退路，只好飞向自由。,https://movie.douban.com/subject/1291992/,1991,130
231,232,魂断蓝桥,WaterlooBridge,8.8,268840,中国式内在的美国电影。,https://movie.douban.com/subject/1293964/,1940,108
232,233,爱乐之城,LaLaLand,8.4,858624,,https://movie.douban.com/subject/25934014/,2017,128
233,234,花束般的恋爱,花束みたいな恋をした,8.6,567329,,https://movie.douban.com/subject/34874432/,2022,124
234,235,火星救援,TheMartian,8.5,702240,,https://movie.douban.com/subject/25864085/,2015,142
235,236,谍影重重2,TheBourneSupremacy,8.7,340241,谁说王家卫镜头很晃？,https://movie.douban.com/subject/1308767/,2004,108
236,237,千年女优,千年女優,8.8,253982,爱情是一场没有尽头的虚幻追逐。,https://movie.douban.com/subject/1307394/,2001,87
237,238,哈利·波特与死亡圣器(上),HarryPotterandtheDeathlyHallows:Part1,8.5,546945,最忠于原著的一部。,https://movie.douban.com/subject/2051007/,2010,146
238,239,燃情岁月,LegendsoftheFall,8.8,278360,传奇，不是每个人都可以拥有。,https://movie.douban.com/subject/1295865/,1994,133
239,240,芙蓉镇,-,9.2,124920,,https://movie.douban.com/subject/1297880/,1987,164
240,241,阿飞正传,阿飛正傳,8.5,490657,王家卫是一种风格，张国荣是一个代表。,https://movie.douban.com/subject/1305690/,2018,94
241,242,谍影重重,TheBourneIdentity,8.6,410422,哗啦啦啦啦，天在下雨，哗啦啦啦啦，云在哭泣……找自己。,https://movie.douban.com/subject/1304102/,2002,119
242,243,弱点,TheBlindSide,8.7,293684,拍掉身上的悲伤，从今天开始重新踏上追梦之旅。,https://movie.douban.com/subject/3552028/,2009,129
243,244,再次出发之纽约遇见你,BeginAgain,8.6,415412,爱我就给我看你的播放列表。,https://movie.douban.com/subject/6874403/,2015,104
244,245,朗读者,TheReader,8.6,443668,当爱情跨越年龄的界限，它似乎能变得更久远一点，成为一种责任，一种水到渠成的相濡以沫。 ,https://movie.douban.com/subject/2213597/,2008,124
245,246,香水,Perfume:TheStoryofaMurderer,8.5,530740,一个单凭体香达到高潮的男人。,https://movie.douban.com/subject/1760622/,2006,147
246,247,海洋,Océans,9.1,154108,大海啊，不全是水。,https://movie.douban.com/subject/3443389/,2011,104
247,248,穿越时空的少女,時をかける少女,8.6,371061,爱上未来的你。 ,https://movie.douban.com/subject/1937946/,2006,98
248,249,我爱你,그대를사랑합니다,9.0,160868,你要相信，这世上真的有爱存在，不管在什么年纪 ,https://movie.douban.com/subject/5908478/,2011,118
249,250,地球上的星星,TaareZameenPar,8.9,198958,天使保护事件始末。,https://movie.douban.com/subject/2363506/,2007,165
